date,open,high,low,close,volume
2024-01-02,2063.50,2073.70,2057.10,2064.40,61
2024-01-03,2034.20,2044.00,2034.20,2034.20,54
2024-01-04,2041.60,2044.50,2038.00,2042.30,88
2024-01-05,2044.50,2048.10,2042.40,2042.40,12
2024-01-08,2019.10,2033.70,2019.10,2026.60,10
2024-01-09,2035.80,2035.80,2026.40,2026.40,27
2024-01-10,2029.00,2035.60,2021.70,2021.70,538
2024-01-11,2025.10,2025.10,2014.30,2014.30,97
2024-01-12,2031.10,2057.00,2031.10,2046.70,390
2024-01-16,2051.70,2054.80,2026.00,2026.00,46
2024-01-17,2026.50,2026.50,2002.60,2002.60,764
2024-01-18,2012.80,2018.60,2009.50,2018.60,1474
2024-01-19,2023.20,2036.00,2019.50,2026.50,50
2024-01-22,2021.30,2021.30,2019.80,2019.80,12
2024-01-23,2030.30,2030.30,2022.50,2023.70,15
2024-01-24,2023.20,2033.20,2013.90,2013.90,253
2024-01-25,2012.10,2022.40,2012.10,2016.90,548
2024-01-26,2021.70,2022.40,2016.80,2016.80,49
2024-01-29,2025.20,2025.20,2025.20,2025.20,150708
2024-01-30,2032.50,2048.50,2028.10,2031.50,26907
2024-01-31,2035.40,2055.00,2030.00,2048.40,2007
2024-02-01,2040.20,2064.50,2029.00,2053.00,947
2024-02-02,2054.80,2055.90,2027.70,2036.10,888
2024-02-05,2038.90,2040.80,2013.80,2025.70,412
2024-02-06,2025.90,2037.30,2025.90,2034.50,249
2024-02-07,2032.80,2039.50,2032.70,2035.20,71
2024-02-08,2028.00,2036.70,2020.30,2032.20,341
2024-02-09,2032.00,2032.00,2020.00,2023.30,62
2024-02-12,2025.50,2025.50,2011.60,2018.20,317
2024-02-13,2025.10,2025.80,1990.00,1992.90,198
2024-02-14,1990.30,1993.50,1984.80,1990.30,1916
2024-02-15,1993.60,2007.20,1993.60,2002.10,286
2024-02-16,2005.00,2011.50,1996.50,2011.50,32
2024-02-20,2015.60,2029.00,2015.60,2027.50,1326
2024-02-21,2028.20,2028.20,2022.30,2022.30,15
2024-02-22,2033.20,2033.20,2019.70,2019.70,964
2024-02-23,2026.00,2038.60,2014.90,2038.60,22
2024-02-26,2034.10,2035.40,2024.80,2028.50,143
2024-02-27,2035.90,2035.90,2034.00,2034.00,964
2024-02-28,2029.50,2037.00,2024.80,2033.00,581
2024-02-29,2034.30,2049.80,2034.30,2045.70,706
2024-03-01,2043.10,2086.90,2041.80,2086.90,1210
2024-03-04,2083.60,2119.80,2080.70,2117.70,805
2024-03-05,2114.90,2133.50,2111.40,2133.50,1287
2024-03-06,2125.50,2150.30,2125.50,2150.30,443
2024-03-07,2147.00,2163.00,2147.00,2158.00,152
2024-03-08,2167.30,2194.90,2166.30,2178.60,259
2024-03-11,2181.00,2184.00,2177.20,2182.50,738
2024-03-12,2182.50,2182.70,2160.40,2160.40,550
2024-03-13,2162.50,2175.40,2162.50,2175.40,20
2024-03-14,2163.00,2163.00,2162.30,2163.00,515
2024-03-15,2161.70,2161.70,2157.30,2157.30,100
2024-03-18,2146.20,2160.70,2146.20,2160.70,21
2024-03-19,2156.10,2156.30,2156.10,2156.30,12
2024-03-20,2157.30,2185.90,2150.90,2157.90,17
2024-03-21,2207.00,2211.60,2182.40,2182.40,63
2024-03-22,2179.20,2179.60,2157.50,2158.10,19
2024-03-25,2166.20,2179.40,2166.20,2174.80,79
2024-03-26,2182.70,2182.70,2175.60,2175.60,202373
2024-03-27,2179.40,2196.20,2172.10,2190.60,31200
2024-03-28,2193.60,2234.10,2187.10,2217.40,2040
2024-04-01,2235.70,2264.20,2230.00,2236.50,400
2024-04-02,2252.00,2279.20,2247.60,2261.00,435
2024-04-03,2281.70,2298.80,2267.90,2294.40,285
2024-04-04,2301.70,2302.90,2280.00,2288.80,251
2024-04-05,2289.20,2328.40,2267.40,2325.70,344
2024-04-08,2325.60,2341.80,2319.00,2331.70,202
2024-04-09,2337.80,2364.70,2337.80,2343.50,211
2024-04-10,2346.60,2358.10,2327.70,2329.60,377
2024-04-11,2341.50,2376.30,2330.60,2354.80,283
2024-04-12,2377.30,2429.00,2334.30,2356.20,584
2024-04-15,2362.10,2384.70,2326.00,2365.80,1801
2024-04-16,2384.00,2390.80,2371.40,2390.80,41
2024-04-17,2384.20,2391.40,2369.30,2371.70,37
2024-04-18,2368.40,2384.40,2368.40,2382.30,128
2024-04-19,2379.30,2399.80,2377.30,2398.40,160
2024-04-22,2383.30,2383.30,2326.90,2332.20,53
2024-04-23,2327.70,2330.80,2294.20,2327.70,171
2024-04-24,2321.30,2328.70,2314.60,2324.50,95
2024-04-25,2315.00,2329.80,2305.00,2329.80,1024
2024-04-26,2347.90,2347.90,2332.80,2334.80,717
2024-04-29,2334.80,2345.50,2327.90,2345.40,405
2024-04-30,2322.50,2322.50,2291.40,2291.40,113
2024-05-01,2287.70,2327.30,2283.80,2299.90,42
2024-05-02,2321.70,2324.70,2292.30,2299.20,56
2024-05-03,2300.00,2301.00,2277.60,2299.00,194
2024-05-06,2322.80,2325.50,2314.20,2321.60,9
2024-05-07,2324.30,2324.30,2315.20,2315.20,25
2024-05-08,2313.60,2313.60,2313.60,2313.60,4
2024-05-09,2310.70,2339.50,2310.70,2332.10,5
2024-05-10,2367.30,2367.30,2367.30,2367.30,126
2024-05-13,2358.30,2358.30,2336.10,2336.10,14
2024-05-14,2336.00,2358.00,2336.00,2353.40,6
2024-05-15,2361.60,2388.70,2356.00,2388.70,29
2024-05-16,2389.50,2392.20,2380.00,2380.00,7
2024-05-17,2380.70,2415.80,2380.70,2412.20,213
2024-05-20,2415.80,2435.80,2409.70,2433.90,40
2024-05-21,2429.50,2429.50,2421.00,2421.70,6
2024-05-22,2417.50,2417.60,2375.80,2389.20,180
2024-05-23,2371.20,2371.20,2335.00,2335.00,365
2024-05-24,2342.60,2345.40,2332.50,2332.50,25
2024-05-28,2336.90,2359.70,2336.90,2355.20,26
2024-05-29,2340.30,2340.30,2340.30,2340.30,119317
2024-05-30,2336.90,2349.50,2320.80,2342.90,32587
2024-05-31,2344.10,2354.00,2319.00,2322.90,941
2024-06-03,2322.60,2347.50,2312.00,2346.60,781
2024-06-04,2347.50,2347.70,2313.90,2325.50,890
2024-06-05,2326.40,2354.30,2326.20,2354.10,295
2024-06-06,2355.00,2375.80,2355.00,2370.30,179
2024-06-07,2379.90,2385.10,2285.40,2305.20,269
2024-06-10,2290.60,2309.30,2290.50,2307.70,69
2024-06-11,2300.00,2314.10,2300.00,2307.50,871
2024-06-12,2314.90,2338.70,2310.30,2336.00,132
2024-06-13,2309.40,2317.70,2296.20,2300.20,298
2024-06-14,2307.00,2331.40,2305.80,2331.40,948
2024-06-17,2320.20,2320.20,2309.60,2312.40,110
2024-06-18,2311.80,2330.40,2311.80,2330.40,43
2024-06-20,2328.90,2354.00,2328.30,2353.80,183
2024-06-21,2331.20,2331.20,2316.40,2316.40,76
2024-06-24,2323.30,2332.90,2322.70,2330.00,99
2024-06-25,2324.40,2333.00,2316.60,2316.60,105
2024-06-26,2307.90,2314.40,2298.00,2299.20,986
2024-06-27,2296.80,2329.00,2295.00,2324.50,1532
2024-06-28,2325.40,2338.30,2319.00,2327.70,92
2024-07-01,2323.80,2329.70,2321.70,2327.60,237
2024-07-02,2330.70,2334.60,2323.00,2323.00,30
2024-07-03,2330.90,2361.60,2330.90,2359.80,59
2024-07-05,2354.90,2388.50,2354.90,2388.50,72
2024-07-08,2381.70,2383.80,2352.80,2355.20,64
2024-07-09,2363.10,2363.70,2360.10,2360.10,9
2024-07-10,2366.30,2377.00,2365.80,2372.20,19
2024-07-11,2378.70,2416.70,2378.70,2415.00,72
2024-07-12,2399.80,2414.00,2391.30,2414.00,355
2024-07-15,2430.00,2436.00,2422.90,2422.90,540
2024-07-16,2427.40,2462.40,2427.40,2462.40,93
2024-07-17,2472.90,2473.10,2454.80,2454.80,10
2024-07-18,2466.00,2466.00,2451.80,2451.80,2
2024-07-19,2418.80,2419.20,2395.50,2395.50,15
2024-07-22,2402.10,2402.10,2392.00,2392.00,18
2024-07-23,2395.80,2404.60,2388.70,2404.60,41
2024-07-24,2421.00,2421.00,2411.60,2413.30,6
2024-07-25,2365.50,2365.50,2351.90,2351.90,31
2024-07-26,2368.70,2386.90,2368.70,2380.00,95
2024-07-29,2377.30,2377.30,2377.30,2377.30,126409
2024-07-30,2380.90,2409.30,2373.80,2405.00,25944
2024-07-31,2407.10,2447.60,2402.80,2426.50,1313
2024-08-01,2446.70,2455.10,2430.40,2435.00,690
2024-08-02,2444.00,2477.00,2416.00,2425.70,550
2024-08-05,2442.00,2449.80,2367.40,2401.70,334
2024-08-06,2414.50,2421.80,2380.00,2389.10,163
2024-08-07,2392.20,2401.00,2384.50,2390.50,130
2024-08-08,2384.30,2422.80,2384.30,2422.20,201
2024-08-09,2422.30,2432.10,2418.50,2432.10,611
2024-08-12,2432.70,2469.80,2432.00,2462.40,566
2024-08-13,2461.00,2470.00,2456.50,2466.70,510
2024-08-14,2468.00,2472.10,2439.40,2439.40,274
2024-08-15,2451.80,2467.70,2431.20,2453.10,285
2024-08-16,2453.50,2508.00,2451.40,2498.60,197
2024-08-19,2508.50,2508.50,2487.20,2501.80,88
2024-08-20,2503.50,2527.30,2500.70,2511.30,187
2024-08-21,2511.00,2515.40,2503.90,2508.40,96
2024-08-22,2504.10,2504.10,2471.10,2478.90,210
2024-08-23,2486.50,2508.40,2486.50,2508.40,94
2024-08-26,2509.90,2523.10,2509.10,2517.70,290
2024-08-27,2515.20,2523.10,2506.90,2516.00,100
2024-08-28,2501.00,2501.00,2501.00,2501.00,2353
2024-08-29,2504.10,2525.70,2503.90,2525.70,3966
2024-08-30,2519.50,2525.40,2493.80,2493.80,208
2024-09-03,2501.60,2501.80,2476.30,2489.90,206
2024-09-04,2490.90,2493.40,2483.50,2493.40,470
2024-09-05,2493.70,2513.30,2493.40,2511.40,54
2024-09-06,2510.30,2517.90,2483.70,2493.50,96
2024-09-09,2491.30,2504.70,2491.30,2501.80,96
2024-09-10,2512.30,2512.30,2512.30,2512.30,5
2024-09-11,2525.80,2525.80,2502.30,2512.10,90
2024-09-12,2529.10,2557.00,2523.40,2551.20,132
2024-09-13,2568.80,2581.80,2565.00,2581.30,31
2024-09-16,2580.40,2580.40,2580.40,2580.40,28
2024-09-17,2581.20,2581.80,2564.30,2564.30,22
2024-09-18,2570.70,2570.70,2549.20,2570.70,25
2024-09-19,2566.00,2588.00,2566.00,2588.00,99
2024-09-20,2590.40,2621.80,2590.40,2619.90,17
2024-09-23,2626.50,2626.50,2626.50,2626.50,9
2024-09-24,2636.80,2662.30,2625.50,2651.20,35
2024-09-25,2656.30,2664.20,2649.30,2659.20,175
2024-09-26,2662.30,2669.90,2660.80,2669.90,17216
2024-09-27,2670.00,2672.10,2641.70,2644.30,4228
2024-09-30,2660.90,2662.10,2623.20,2636.10,973
2024-10-01,2631.40,2670.90,2631.40,2667.30,153
2024-10-02,2650.60,2657.20,2640.00,2647.10,72
2024-10-03,2642.80,2657.10,2640.00,2657.10,354
2024-10-04,2656.00,2667.00,2639.00,2645.80,114
2024-10-07,2648.70,2657.40,2639.00,2644.80,284
2024-10-08,2639.00,2639.00,2609.30,2615.00,687
2024-10-09,2603.00,2607.70,2603.00,2606.00,152
2024-10-10,2602.50,2628.30,2602.50,2620.60,320
2024-10-11,2638.30,2658.10,2638.20,2657.60,12
2024-10-14,2655.00,2655.30,2647.80,2647.80,40
2024-10-15,2661.40,2661.40,2661.40,2661.40,39
2024-10-16,2674.00,2674.00,2674.00,2674.00,6
2024-10-17,2677.40,2691.70,2677.20,2691.00,30
2024-10-18,2713.70,2719.60,2713.70,2713.70,29
2024-10-21,2721.90,2738.40,2719.50,2723.10,52
2024-10-22,2731.70,2746.00,2728.60,2744.20,93
2024-10-23,2742.50,2742.50,2714.20,2714.40,18
2024-10-24,2729.00,2736.10,2729.00,2734.90,27
2024-10-25,2725.50,2742.40,2725.50,2740.90,29
2024-10-28,2736.10,2742.90,2729.50,2742.90,56
2024-10-29,2768.40,2768.40,2768.40,2768.40,848
2024-10-30,2774.60,2789.00,2774.60,2788.50,231
2024-10-31,2787.40,2787.50,2733.50,2738.30,849
2024-11-01,2745.50,2756.00,2734.20,2738.60,109
2024-11-04,2736.50,2737.10,2736.10,2736.10,16
2024-11-05,2743.00,2743.90,2740.30,2740.30,23
2024-11-06,2734.50,2734.50,2659.40,2667.60,427
2024-11-07,2662.50,2699.10,2662.50,2698.40,676
2024-11-08,2688.50,2694.60,2682.90,2687.50,1038
2024-11-11,2671.70,2671.70,2611.20,2611.20,20
2024-11-12,2605.50,2605.50,2592.80,2600.00,118
2024-11-13,2611.10,2611.80,2580.80,2580.80,53
2024-11-14,2555.10,2576.20,2554.20,2568.20,27
2024-11-15,2565.70,2565.70,2565.70,2565.70,20
2024-11-18,2591.70,2610.70,2589.40,2610.60,136
2024-11-19,2621.90,2627.70,2619.30,2627.10,87
2024-11-20,2638.50,2648.20,2638.50,2648.20,27
2024-11-21,2659.30,2672.10,2655.70,2672.10,33
2024-11-22,2687.50,2710.50,2685.60,2709.90,41
2024-11-25,2689.40,2689.40,2616.80,2616.80,94
2024-11-26,2625.60,2625.60,2620.30,2620.30,177858
2024-11-27,2633.50,2657.90,2627.20,2639.90,61653
2024-11-29,2636.40,2664.30,2620.70,2657.00,3861
2024-12-02,2649.00,2649.80,2621.70,2634.90,695
2024-12-03,2639.00,2654.70,2636.00,2644.70,1062
2024-12-04,2639.20,2658.30,2637.00,2653.80,249
2024-12-05,2652.40,2655.00,2625.70,2626.60,573
2024-12-06,2620.20,2643.10,2617.50,2638.60,571
2024-12-09,2632.10,2677.10,2630.80,2664.90,935
2024-12-10,2662.30,2698.20,2661.00,2697.60,437
2024-12-11,2701.80,2733.80,2693.10,2733.80,3387
2024-12-12,2725.10,2725.10,2677.40,2687.50,2365
2024-12-13,2688.20,2689.30,2647.90,2656.00,1125
2024-12-16,2658.30,2663.30,2651.00,2651.40,877
2024-12-17,2651.80,2652.30,2632.50,2644.40,705
2024-12-18,2644.30,2647.10,2590.20,2636.50,566
2024-12-19,2582.10,2610.30,2582.10,2592.20,238
2024-12-20,2605.30,2631.60,2604.90,2628.70,592
2024-12-23,2620.00,2627.70,2611.10,2612.30,451
2024-12-24,2613.00,2620.00,2609.50,2620.00,35
2024-12-26,2628.50,2638.80,2627.90,2638.80,84
2024-12-27,2617.70,2617.70,2616.40,2617.20,642
2024-12-30,2620.70,2626.90,2597.00,2606.10,794
2024-12-31,2608.40,2629.20,2604.90,2629.20,401
2025-01-02,2633.00,2663.10,2633.00,2658.90,1728
2025-01-03,2658.70,2658.70,2641.80,2645.00,591
2025-01-06,2645.50,2647.00,2617.30,2638.40,960
2025-01-07,2653.40,2657.50,2653.00,2656.70,643
2025-01-08,2655.50,2676.90,2653.50,2664.50,999
2025-01-09,2669.70,2686.30,2667.90,2683.80,1139
2025-01-10,2686.10,2720.10,2683.70,2708.50,403
2025-01-13,2711.10,2711.20,2673.50,2673.50,765
2025-01-14,2673.60,2688.30,2670.80,2677.50,794
2025-01-15,2690.80,2712.50,2690.80,2712.50,930
2025-01-16,2731.70,2749.80,2731.70,2746.40,1721
2025-01-17,2736.00,2751.60,2725.50,2744.30,1214
2025-01-21,2746.00,2755.00,2724.80,2755.00,1439
2025-01-22,2754.50,2768.80,2753.50,2767.60,2079
2025-01-23,2760.00,2765.00,2745.40,2763.10,2201
2025-01-24,2759.80,2792.00,2759.80,2777.30,1593
2025-01-27,2761.10,2762.20,2737.50,2737.50,984
2025-01-28,2738.00,2766.80,2738.00,2766.80,2307
2025-01-29,2769.10,2769.10,2769.10,2769.10,125692
2025-01-30,2772.50,2829.50,2770.00,2823.00,40141
2025-01-31,2829.00,2838.00,2804.00,2812.50,3443
2025-02-03,2818.20,2848.40,2780.90,2833.90,2649
2025-02-04,2827.60,2853.30,2816.10,2853.30,2187
2025-02-05,2850.00,2880.50,2848.00,2871.60,4519
2025-02-06,2865.20,2871.70,2836.30,2856.00,3116
2025-02-07,2859.90,2889.50,2857.80,2867.30,1822
2025-02-10,2864.20,2916.10,2863.80,2914.30,2237
2025-02-11,2925.50,2945.40,2890.00,2912.50,2554
2025-02-12,2902.00,2912.30,2868.60,2909.00,2504
2025-02-13,2911.30,2937.70,2910.60,2925.90,4670
2025-02-14,2937.30,2944.40,2874.80,2883.60,1992
2025-02-18,2879.20,2936.40,2873.80,2931.60,4010
2025-02-19,2938.70,2946.00,2917.10,2919.40,2630
2025-02-20,2949.10,2955.80,2924.20,2940.00,656
2025-02-21,2938.80,2940.00,2917.30,2937.60,570
2025-02-24,2933.10,2957.90,2933.10,2947.90,415
2025-02-25,2938.70,2943.20,2890.00,2904.50,1854
2025-02-26,2913.50,2917.00,2913.00,2916.80,2050
2025-02-27,2918.50,2922.80,2870.40,2883.20,3215
2025-02-28,2877.10,2877.10,2834.10,2836.80,990
2025-03-03,2872.70,2891.80,2863.40,2890.20,423
2025-03-04,2886.10,2927.90,2886.10,2909.60,885
2025-03-05,2916.70,2922.00,2893.00,2915.30,551
2025-03-06,2904.00,2918.60,2903.80,2916.60,870
2025-03-07,2900.90,2927.30,2900.50,2904.70,531
2025-03-10,2910.10,2915.10,2880.20,2891.00,55
2025-03-11,2884.40,2916.70,2880.40,2912.90,197
2025-03-12,2912.00,2939.10,2910.00,2939.10,213
2025-03-13,2937.10,2988.00,2935.20,2984.30,2366
2025-03-14,2994.40,3004.80,2986.00,2994.50,1800
2025-03-17,2991.00,3001.50,2989.00,3000.00,214
2025-03-18,3006.40,3039.20,3004.40,3035.10,428
2025-03-19,3035.20,3050.90,3030.90,3035.90,175
2025-03-20,3047.30,3047.30,3034.40,3040.00,185
2025-03-21,3034.50,3037.50,3000.90,3018.20,151
2025-03-24,3024.30,3024.30,3006.00,3013.10,137
2025-03-25,3026.40,3028.80,3023.70,3023.70,74
2025-03-26,3033.20,3033.20,3019.50,3020.90,83
2025-03-27,3025.50,3065.00,3025.50,3060.20,124359
2025-03-28,3069.70,3094.90,3066.80,3086.50,31206
2025-03-31,3091.00,3132.50,3086.00,3122.80,3438
2025-04-01,3129.70,3149.50,3104.00,3118.90,1721
2025-04-02,3120.70,3168.60,3117.40,3139.90,5946
2025-04-03,3150.00,3166.90,3052.00,3097.00,5516
2025-04-04,3110.50,3127.70,3011.00,3012.00,3247
2025-04-07,3016.40,3050.80,2949.70,2951.30,4424
2025-04-08,2994.00,3014.50,2968.40,2968.40,3213
2025-04-09,2965.80,3090.40,2965.80,3056.50,2175
2025-04-10,3073.90,3167.00,3072.10,3155.20,3456
2025-04-11,3182.10,3235.00,3182.10,3222.20,862
2025-04-14,3215.50,3228.80,3194.50,3204.80,263
2025-04-15,3216.00,3218.70,3214.00,3218.70,390
2025-04-16,3238.30,3334.90,3238.30,3326.60,1874
2025-04-17,3345.00,3345.00,3287.80,3308.70,824
2025-04-21,3342.20,3418.50,3342.20,3406.20,78
2025-04-22,3422.20,3485.60,3361.70,3400.80,785
2025-04-23,3321.20,3370.30,3256.20,3276.30,331
2025-04-24,3305.40,3353.90,3304.90,3332.00,560
2025-04-25,3355.50,3355.50,3266.10,3282.40,162
2025-04-28,3284.50,3332.50,3284.50,3332.50,1300
2025-04-29,3340.00,3340.00,3299.90,3318.80,1278
2025-04-30,3318.70,3318.70,3268.00,3305.00,207
2025-05-01,3272.90,3275.00,3198.60,3210.00,2131
2025-05-02,3239.90,3257.00,3225.00,3231.90,1349
2025-05-05,3242.70,3315.70,3239.70,3311.30,244
2025-05-06,3365.50,3430.90,3356.80,3411.40,2357
2025-05-07,3418.70,3418.70,3364.70,3381.40,1080
2025-05-08,3390.00,3390.00,3288.70,3296.60,200
2025-05-09,3299.00,3335.50,3299.00,3335.40,216
2025-05-12,3300.70,3300.70,3205.00,3220.00,886
2025-05-13,3232.00,3251.40,3223.50,3240.30,2424
2025-05-14,3233.00,3233.00,3171.70,3181.40,3518
2025-05-15,3151.00,3228.10,3125.00,3220.70,652
2025-05-16,3227.70,3228.10,3173.90,3182.00,199
2025-05-19,3234.40,3241.00,3228.30,3228.90,266
2025-05-20,3219.00,3293.20,3207.50,3280.30,356
2025-05-21,3293.40,3317.50,3290.20,3309.30,979
2025-05-22,3327.30,3328.00,3282.70,3292.30,1210
2025-05-23,3328.00,3363.60,3323.50,3363.60,47
2025-05-27,3332.50,3341.00,3296.30,3299.10,189
2025-05-28,3293.60,3293.60,3293.60,3293.60,127758
2025-05-29,3283.70,3328.80,3242.40,3317.10,24370
2025-05-30,3315.10,3318.00,3270.90,3288.90,2213
2025-06-02,3296.90,3380.80,3296.90,3370.60,976
2025-06-03,3385.10,3390.00,3331.30,3350.20,6410
2025-06-04,3355.00,3380.00,3344.00,3373.50,207
2025-06-05,3371.50,3400.00,3343.70,3350.70,731
2025-06-06,3364.30,3364.30,3306.00,3322.70,81
2025-06-09,3315.60,3334.60,3290.00,3332.10,1887
2025-06-10,3302.00,3344.30,3302.00,3320.90,65
2025-06-11,3328.00,3356.00,3321.30,3321.30,2106
2025-06-12,3363.00,3395.90,3353.40,3380.90,1818
2025-06-13,3407.30,3444.00,3407.30,3431.20,499
2025-06-16,3442.00,3442.00,3385.40,3396.40,480
2025-06-17,3398.30,3398.30,3376.10,3386.60,1477
2025-06-18,3385.30,3391.90,3365.10,3389.80,0
2025-06-20,3350.00,3372.90,3341.00,3368.10,709
2025-06-23,3365.90,3387.90,3350.00,3377.70,30
2025-06-24,3358.00,3358.00,3301.00,3317.40,538
2025-06-25,3321.60,3331.20,3310.60,3327.10,373
2025-06-26,3332.40,3333.50,3332.40,3333.50,2058
2025-06-27,3318.70,3318.70,3253.80,3273.70,284
2025-06-30,3265.90,3306.90,3262.00,3294.40,1242
2025-07-01,3310.10,3354.10,3310.10,3336.70,371
2025-07-02,3329.00,3357.50,3329.00,3348.00,39
2025-07-03,3362.00,3362.00,3322.30,3331.60,0
2025-07-04,3342.00,3342.00,3332.50,3332.50,0
2025-07-07,3305.50,3333.30,3299.20,3332.20,254
2025-07-08,3330.40,3334.50,3287.60,3307.00,909
2025-07-09,3289.40,3314.00,3282.00,3311.60,114
2025-07-10,3323.60,3330.50,3311.60,3317.40,209
2025-07-11,3330.50,3370.00,3330.50,3356.00,776
2025-07-14,3367.00,3375.50,3350.00,3351.50,583
2025-07-15,3341.00,3341.00,3329.80,3329.80,210
2025-07-16,3341.20,3352.90,3329.50,3352.50,10
2025-07-17,3313.80,3340.80,3313.80,3340.10,667
2025-07-18,3338.20,3353.00,3338.20,3353.00,602
2025-07-21,3350.30,3411.70,3350.30,3401.90,53
2025-07-22,3411.00,3441.00,3395.60,3439.20,39
2025-07-23,3430.30,3433.90,3388.10,3394.10,63
2025-07-24,3367.00,3371.00,3367.00,3371.00,1175
2025-07-25,3344.00,3345.00,3326.50,3334.00,67
2025-07-28,3326.60,3326.80,3309.10,3309.10,533
2025-07-29,3323.40,3323.40,3323.40,3323.40,113144
2025-07-30,3325.80,3331.80,3263.90,3295.80,19252
2025-07-31,3272.90,3312.00,3272.90,3293.20,3704
2025-08-01,3286.20,3360.60,3281.00,3347.70,3420
2025-08-04,3367.60,3386.50,3347.40,3374.40,351
2025-08-05,3378.50,3387.20,3351.20,3381.90,915
2025-08-06,3380.70,3383.30,3361.30,3380.00,1492
2025-08-07,3384.90,3422.90,3384.90,3400.30,5464
2025-08-08,3438.80,3477.00,3402.50,3439.10,7657
2025-08-11,3383.90,3383.90,3349.20,3353.10,1488
2025-08-12,3356.20,3356.20,3330.10,3348.90,1611
2025-08-13,3358.80,3363.40,3358.70,3358.70,1011
2025-08-14,3346.80,3356.00,3328.90,3335.20,592
2025-08-15,3346.80,3346.80,3335.90,3336.00,1185
2025-08-18,3333.50,3347.80,3331.70,3331.70,646
2025-08-19,3330.20,3343.50,3313.40,3313.40,1655
2025-08-20,3310.60,3343.50,3310.10,3343.40,1213
2025-08-21,3349.40,3349.40,3326.50,3336.90,142
2025-08-22,3349.40,3377.70,3349.40,3374.40,1240
2025-08-25,3366.00,3378.00,3366.00,3373.80,1044
2025-08-26,3378.90,3396.50,3371.10,3388.60,905
2025-08-27,3397.00,3404.60,3382.00,3404.60,3222
2025-08-28,3409.00,3434.60,3400.00,3431.80,1035
2025-08-29,3432.50,3475.60,3426.60,3473.70,0
2025-09-02,3485.70,3559.20,3485.70,3549.40,658
2025-09-03,3554.80,3593.70,3553.20,3593.20,72
2025-09-04,3549.90,3573.60,3549.90,3565.80,237
2025-09-05,3567.80,3613.20,3567.80,3613.20,925
2025-09-08,3594.50,3641.00,3590.00,3638.10,97
2025-09-09,3647.10,3670.40,3627.80,3643.30,535
2025-09-10,3625.00,3655.40,3620.80,3643.60,136
2025-09-11,3632.90,3636.90,3618.40,3636.90,307
2025-09-12,3655.50,3656.80,3643.00,3649.40,1300
2025-09-15,3640.00,3686.40,3635.10,3682.20,210
2025-09-16,3681.40,3698.60,3681.40,3688.90,373
2025-09-17,3669.00,3685.20,3661.60,3681.80,183
2025-09-18,3654.60,3667.40,3637.00,3643.70,80
2025-09-19,3659.00,3685.90,3658.20,3671.50,211
2025-09-22,3688.20,3748.20,3688.00,3740.70,410
2025-09-23,3747.00,3786.00,3740.00,3780.60,627
2025-09-24,3769.80,3772.50,3732.10,3732.10,588
2025-09-25,3742.80,3756.00,3724.70,3736.90,1899
2025-09-26,3775.30,3775.30,3775.30,3775.30,19308
2025-09-29,3754.80,3827.60,3754.80,3820.90,8860
2025-09-30,3827.50,3865.50,3793.40,3840.80,1611
2025-10-01,3863.50,3891.90,3853.30,3867.50,1778
2025-10-02,3856.20,3888.60,3823.70,3839.70,3418
2025-10-03,3855.20,3886.80,3853.70,3880.80,392
2025-10-06,3931.30,3960.00,3926.80,3948.50,1267
2025-10-07,3959.40,3981.50,3940.00,3976.60,2903
2025-10-08,3987.20,4049.20,3987.20,4043.30,2179
2025-10-09,4011.20,4046.20,3940.00,3946.30,3130
2025-10-10,3957.00,4012.00,3945.50,3975.90,1697
2025-10-13,4016.00,4111.00,4016.00,4108.60,1697
2025-10-14,4131.70,4160.10,4085.80,4138.70,2424
2025-10-15,4145.00,4210.60,4145.00,4176.90,3287
2025-10-16,4198.80,4307.00,4196.60,4280.20,4705
2025-10-17,4354.70,4358.00,4182.20,4189.90,4060
2025-10-20,4244.10,4356.60,4214.60,4336.40,1750
2025-10-21,4332.70,4332.70,4087.70,4087.70,2943
2025-10-22,4109.70,4148.50,4006.00,4044.40,1237
2025-10-23,4078.40,4136.80,4070.70,4125.50,354
2025-10-24,4117.50,4120.60,4074.90,4118.40,123
2025-10-27,4060.00,4078.60,3971.30,4001.90,220
2025-10-28,3929.70,3966.20,3923.60,3966.20,219
2025-10-29,3983.70,3983.70,3983.70,3983.70,1344
2025-10-30,3960.00,4027.20,3913.70,4001.30,935
2025-10-31,4034.50,4034.50,3976.60,3982.20,559
2025-11-03,3976.20,4020.00,3959.00,4000.30,0
2025-11-04,3994.20,3995.40,3927.40,3947.70,657
2025-11-05,3929.90,3983.50,3929.90,3980.30,559
2025-11-06,4004.00,4007.50,3979.90,3979.90,650
2025-11-07,3980.80,3999.40,3980.80,3999.40,245
2025-11-10,4060.00,4111.80,4060.00,4111.80,189
2025-11-11,4140.10,4140.10,4106.80,4106.80,569
2025-11-12,4115.60,4204.40,4102.90,4204.40,396
2025-11-13,4228.70,4228.70,4163.70,4186.90,167
2025-11-14,4197.70,4197.90,4047.00,4087.60,483
2025-11-17,4070.00,4099.50,4019.40,4068.30,1552
2025-11-18,4037.40,4063.40,4035.60,4061.30,1375
2025-11-19,4086.10,4122.70,4072.00,4077.70,486
2025-11-20,4045.00,4090.40,4040.20,4056.50,202
2025-11-21,4031.80,4085.20,4031.80,4076.70,171
2025-11-24,4060.50,4091.90,4060.50,4091.90,591
2025-11-25,4139.20,4139.20,4139.20,4139.20,132704
2025-11-26,4128.60,4171.00,4127.50,4165.20,25088
2025-11-28,4163.40,4223.90,4140.00,4218.30,3615
2025-12-01,4218.50,4262.10,4214.90,4239.30,913
2025-12-02,4230.50,4230.50,4167.00,4186.60,366
2025-12-03,4215.70,4234.10,4195.70,4199.30,1897
2025-12-04,4211.00,4211.80,4175.00,4211.80,616
2025-12-05,4204.10,4255.70,4194.50,4212.90,533
2025-12-08,4205.50,4215.80,4175.50,4187.20,318
2025-12-09,4190.70,4219.70,4177.70,4206.70,660
2025-12-10,4209.00,4234.50,4183.60,4196.40,692
2025-12-11,4224.00,4286.90,4214.30,4285.50,528
2025-12-12,4276.40,4355.00,4260.00,4300.10,1531
2025-12-15,4308.30,4349.20,4292.90,4306.70,854
2025-12-16,4270.50,4321.40,4270.50,4304.50,1796
2025-12-17,4308.50,4351.40,4308.50,4347.50,2169
2025-12-18,4331.00,4348.10,4328.20,4339.50,705
2025-12-19,4350.10,4361.40,4350.10,4361.40,1065
2025-12-22,4371.10,4447.60,4371.10,4444.60,449
2025-12-23,4503.30,4503.80,4450.40,4482.80,694
2025-12-24,4500.70,4503.40,4468.40,4480.60,500
2025-12-26,4512.00,4556.30,4502.00,4529.10,263
2025-12-29,4371.50,4379.00,4325.10,4325.10,2044
2025-12-30,4346.40,4403.60,4338.00,4370.10,1837
2025-12-31,4333.50,4363.80,4285.00,4325.60,785
2026-01-02,4350.60,4350.60,4314.40,4314.40,589
2026-01-05,4386.70,4443.50,4384.80,4436.90,618
2026-01-06,4449.70,4482.20,4449.00,4482.20,459
2026-01-07,4450.00,4450.00,4449.30,4449.30,972
2026-01-08,4460.20,4461.30,4418.00,4449.70,2423
2026-01-09,4473.00,4490.30,4473.00,4490.30,237
2026-01-12,4579.10,4620.00,4577.80,4604.30,156
2026-01-13,4578.60,4617.10,4578.60,4589.20,239
2026-01-14,4610.30,4635.00,4608.20,4626.30,1313
2026-01-15,4612.90,4616.30,4612.90,4616.30,4358
2026-01-16,4608.00,4608.00,4588.40,4588.40,352
2026-01-20,4662.20,4764.00,4661.80,4759.60,175
2026-01-21,4863.50,4872.30,4771.50,4831.80,1706
2026-01-22,4791.90,4908.80,4791.90,4908.80,1175
2026-01-23,4949.60,4976.20,4936.00,4976.20,169
2026-01-26,5081.50,5095.60,5052.20,5079.70,180
2026-01-27,5079.90,5079.90,5079.90,5079.90,34
2026-01-28,5301.60,5301.60,5301.60,5301.60,112054
2026-01-29,5415.70,5586.20,5097.50,5318.40,23709
2026-01-30,5376.40,5440.50,4700.00,4713.90,8374
2026-02-02,4807.70,4855.80,4400.00,4622.50,3588
2026-02-03,4680.00,4984.60,4674.30,4903.70,1213
2026-02-04,4923.30,5082.20,4897.90,4920.40,3886
2026-02-05,5008.70,5012.30,4786.00,4861.40,793
2026-02-06,4762.00,4958.50,4655.00,4951.20,1386
2026-02-09,5017.40,5065.70,4979.10,5050.90,170
2026-02-10,5013.50,5029.00,5002.70,5003.80,281
2026-02-11,5049.90,5111.30,5041.30,5071.60,2681
2026-02-12,5060.40,5078.10,4892.00,4923.70,484
2026-02-13,4953.00,5043.90,4946.20,5022.00,232
2026-02-17,5020.00,5020.00,4847.80,4882.90,540
2026-02-18,4872.20,4987.00,4869.50,4986.50,544
2026-02-19,5014.70,5014.70,4975.90,4975.90,37
2026-02-20,5039.50,5072.70,5039.50,5059.30,134
2026-02-23,5120.30,5211.60,5120.30,5204.70,779
2026-02-24,5158.80,5159.00,5112.70,5155.80,88
2026-02-25,5166.00,5206.40,5166.00,5206.40,1772
2026-02-26,5177.20,5199.20,5143.90,5176.50,1520
2026-02-27,5186.70,5280.00,5176.70,5230.50,354
2026-03-02,5346.60,5405.00,5266.30,5294.40,72
2026-03-03,5298.70,5303.80,5023.00,5107.40,1776
2026-03-04,5130.70,5180.20,5117.20,5120.20,679
2026-03-05,5169.50,5169.50,5054.70,5065.30,1701
2026-03-06,5121.00,5146.10,5076.10,5146.10,148
2026-03-09,5155.00,5160.60,5077.70,5091.50,639
2026-03-10,5138.20,5229.70,5137.60,5229.70,4300
2026-03-11,5190.80,5191.30,5167.40,5167.40,633
2026-03-12,5137.20,5137.20,5115.80,5115.80,410
2026-03-13,5089.60,5117.00,5009.50,5052.50,479
2026-03-16,5001.60,5010.60,4994.00,4994.00,130
2026-03-17,5017.60,5017.60,4994.20,5001.00,239
2026-03-18,4949.60,4949.60,4821.70,4889.90,1461
2026-03-19,4830.30,4830.30,4554.00,4600.70,627
2026-03-20,4686.90,4686.90,4570.40,4570.40,235
2026-03-23,4353.00,4480.40,4100.80,4404.10,544
2026-03-24,4338.70,4399.30,4325.20,4399.30,378
2026-03-25,4549.00,4551.90,4541.80,4549.80,388
2026-03-26,4441.50,4443.10,4375.50,4375.50,1070
2026-03-27,4492.00,4492.00,4492.00,4492.00,74348
2026-03-30,4482.80,4579.10,4413.40,4526.00,10816
2026-03-31,4510.00,4684.10,4508.60,4647.60,4264
2026-04-01,4668.40,4789.10,4668.00,4783.20,1637
2026-04-02,4764.90,4784.40,4558.90,4651.50,0
2026-04-06,4656.10,4689.60,4605.00,4656.80,148
2026-04-07,4624.90,4676.30,4608.00,4657.10,327
2026-04-08,4760.00,4851.00,4738.80,4749.50,405
2026-04-09,4711.00,4799.10,4711.00,4792.20,1277
2026-04-10,4745.90,4791.00,4744.90,4761.90,812
2026-04-13,4704.00,4742.40,4704.00,4742.40,32
2026-04-14,4770.10,4841.60,4770.10,4825.00,288
2026-04-15,4843.60,4843.60,4798.00,4800.00,182
2026-04-16,4810.90,4810.90,4785.40,4785.40,805
2026-04-17,4771.60,4879.70,4767.20,4857.60,1902
2026-04-20,4793.90,4811.00,4770.00,4806.60,724
2026-04-21,4698.40,4705.00,4676.40,4698.40,1197
2026-04-22,4754.20,4754.20,4732.50,4732.50,765
2026-04-23,4711.50,4732.40,4705.10,4705.10,292
2026-04-24,4695.00,4722.30,4657.50,4722.30,45
2026-04-27,4707.60,4711.10,4675.40,4675.40,538
2026-04-28,4680.90,4680.90,4591.50,4591.50,2660
2026-04-29,4598.60,4601.60,4515.70,4545.20,507
2026-04-30,4561.90,4636.70,4561.90,4614.70,77
2026-05-01,4636.70,4636.70,4581.70,4629.90,113
2026-05-04,4581.20,4581.20,4512.70,4519.50,20
2026-05-05,4547.60,4580.50,4547.60,4555.80,426
2026-05-06,4663.60,4712.60,4663.60,4681.90,212
2026-05-07,4704.80,4736.20,4699.80,4699.80,254
2026-05-08,4714.40,4724.80,4713.60,4720.40,120
2026-05-11,4729.50,4729.50,4718.70,4718.70,36
2026-05-12,4762.20,4765.20,4677.60,4677.60,93
2026-05-13,4722.70,4722.70,4679.50,4697.70,228
2026-05-14,4678.10,4678.10,4650.30,4678.10,5
2026-05-15,4615.20,4615.20,4524.30,4555.80,607
2026-05-18,4563.00,4570.30,4538.70,4552.50,38
2026-05-19,4551.70,4552.60,4506.20,4506.30,875
2026-05-20,4502.60,4531.30,4465.10,4531.30,981
2026-05-21,4507.20,4539.80,4503.80,4539.80,426
2026-05-22,4519.50,4530.30,4519.10,4521.00,40
2026-05-26,4572.80,4572.80,4500.40,4500.40,1261
2026-05-27,4439.70,4447.50,4439.70,4447.50,81062
2026-05-28,4453.60,4512.60,4363.50,4499.30,16427
2026-05-29,4494.00,4591.80,4487.90,4560.50,1883
2026-06-01,4523.50,4541.40,4449.70,4475.20,835
2026-06-02,4488.00,4529.50,4474.20,4489.10,456
2026-06-03,4471.20,4471.70,4427.20,4436.70,2913
2026-06-04,4447.40,4509.90,4447.40,4475.80,480
2026-06-05,4472.30,4472.30,4319.10,4337.10,4062
2026-06-08,4324.20,4340.90,4284.60,4335.90,357
2026-06-09,4332.80,4344.50,4240.20,4260.00,1292
2026-06-10,4200.00,4206.70,4100.00,4108.20,525
2026-06-11,4042.90,4209.80,4031.00,4090.30,1938
2026-06-12,4208.30,4225.30,4173.20,4215.00,1167
2026-06-15,4271.20,4362.00,4269.10,4328.00,1666
2026-06-16,4309.50,4345.80,4309.50,4330.90,158
2026-06-17,4339.00,4377.00,4296.00,4358.90,1961
2026-06-18,4279.80,4323.20,4223.70,4224.10,738
2026-06-22,4138.80,4216.40,4134.80,4181.90,1197
2026-06-23,4127.10,4135.20,4118.50,4129.90,252
2026-06-24,4104.40,4104.70,3963.30,3990.30,353
2026-06-25,3988.40,4030.50,3986.70,4030.50,2724
2026-06-26,4078.70,4078.70,4078.70,4078.70,1431
2026-06-29,4057.50,4070.00,4003.20,4022.30,785
2026-06-30,4002.60,4049.70,3962.50,4022.90,1108
2026-07-01,4013.10,4100.00,3963.00,4068.30,770
2026-07-02,4067.50,4140.10,4062.00,4112.70,228
2026-07-06,4175.40,4199.70,4134.20,4155.10,1024
2026-07-07,4126.50,4167.20,4107.20,4145.30,53
2026-07-08,4116.30,4120.30,4053.00,4070.90,292
2026-07-09,4066.40,4130.60,4064.20,4130.60,13
2026-07-10,4122.30,4125.80,4090.60,4104.10,389
2026-07-13,4081.00,4081.00,3985.90,3997.00,679
2026-07-14,3995.70,4091.20,3986.50,4061.10,1281
2026-07-15,4049.10,4070.10,4019.40,4044.00,374
2026-07-16,4030.50,4030.50,3972.60,3985.60,812
2026-07-17,3975.50,4017.20,3964.20,4012.70,141
2026-07-20,4003.40,4018.90,4002.70,4010.30,231
2026-07-21,4002.10,4071.10,3999.70,4071.10,87
2026-07-22,4096.20,4152.10,4096.20,4146.90,133
2026-07-23,4129.90,4130.90,4046.60,4046.60,59
2026-07-24,4067.60,4068.00,4067.60,4067.60,2
2026-07-27,4090.10,4107.90,4072.70,4074.50,36
2026-07-28,4025.70,4036.30,4025.70,4036.30,248
2026-07-29,4018.10,4034.70,4017.90,4034.70,89664
2026-07-30,4060.70,4118.50,4028.50,4100.10,16985
2026-07-31,4102.40,4102.40,4022.40,4049.10,1166
2026-08-03,4083.40,4083.50,4026.50,4033.70,698
2026-08-04,4050.50,4095.40,4048.80,4095.40,426
2026-08-05,4130.00,4262.20,4129.50,4245.80,1349
2026-08-06,4297.00,4297.00,4228.00,4242.00,3101
2026-08-07,4277.00,4371.50,4274.00,4340.70,422
2026-08-10,4336.10,4390.10,4336.10,4361.80,1303
2026-08-11,4408.60,4408.60,4365.10,4383.00,204
2026-08-12,4406.50,4434.00,4406.30,4408.90,660
2026-08-13,4403.50,4445.00,4350.00,4363.60,1491
2026-08-14,4322.10,4397.10,4315.00,4380.40,673
2026-08-17,4394.80,4428.50,4386.50,4417.80,716
2026-08-18,4415.20,4434.10,4330.70,4366.00,1283
2026-08-19,4339.80,4524.10,4327.60,4489.40,1336
2026-08-20,4506.80,4530.00,4486.00,4516.30,478
2026-08-21,4560.00,4624.10,4560.00,4624.10,478
